{
    "root_group": {
        "name": "",
        "path": "",
        "id": "d41d8cd98f00b204e9800998ecf8427e",
        "groups": {},
        "checks": {
                "homepage loaded": {
                    "passes": 615,
                    "fails": 0,
                    "name": "homepage loaded",
                    "path": "::homepage loaded",
                    "id": "3c8f3fe4c8bd22e4d192d4cbabd56ce5"
                },
                "homepage responded in time": {
                    "name": "homepage responded in time",
                    "path": "::homepage responded in time",
                    "id": "a5e43f780dd5f2c9ccaea15b51769d8e",
                    "passes": 615,
                    "fails": 0
                }
            }
    },
    "metrics": {
        "vus": {
            "value": 0,
            "min": 0,
            "max": 24
        },
        "checks": {
            "passes": 1230,
            "fails": 0,
            "value": 1
        },
        "http_req_connecting": {
            "p(90)": 0,
            "p(95)": 0,
            "avg": 0.006286178861788617,
            "min": 0,
            "med": 0,
            "max": 0.522
        },
        "data_received": {
            "rate": 944249.3667933757,
            "count": 28841655
        },
        "vus_max": {
            "value": 30,
            "min": 30,
            "max": 30
        },
        "http_req_duration": {
            "max": 98.1,
            "p(90)": 18.681800000000003,
            "p(95)": 22.838849999999994,
            "avg": 10.534767479674793,
            "min": 1.148,
            "med": 14.251000000000001,
            "thresholds": {
                "p(95)<3000": false
            }
        },
        "http_req_blocked": {
            "avg": 0.013662601626016404,
            "min": 0,
            "med": 0.003,
            "max": 1.472,
            "p(90)": 0.005,
            "p(95)": 0.01
        },
        "http_req_waiting": {
            "p(90)": 17.9359,
            "p(95)": 21.987399999999994,
            "avg": 10.163946341463424,
            "min": 1.112,
            "med": 13.6115,
            "max": 97.061
        },
        "iteration_duration": {
            "p(90)": 525.9298411999999,
            "p(95)": 537.7406624,
            "avg": 521.7516251382117,
            "min": 515.835459,
            "med": 518.972875,
            "max": 626.804125
        },
        "http_req_receiving": {
            "med": 0.484,
            "max": 2.469,
            "p(90)": 0.72,
            "p(95)": 0.785,
            "avg": 0.35717886178861785,
            "min": 0.013
        },
        "http_req_duration{expected_response:true}": {
            "avg": 10.534767479674793,
            "min": 1.148,
            "med": 14.251000000000001,
            "max": 98.1,
            "p(90)": 18.681800000000003,
            "p(95)": 22.838849999999994
        },
        "http_reqs": {
            "count": 1230,
            "rate": 40.269073364751506
        },
        "http_req_tls_handshaking": {
            "avg": 0,
            "min": 0,
            "med": 0,
            "max": 0,
            "p(90)": 0,
            "p(95)": 0
        },
        "http_req_sending": {
            "min": 0.003,
            "med": 0.009,
            "max": 1.09,
            "p(90)": 0.019,
            "p(95)": 0.029,
            "avg": 0.013642276422764174
        },
        "iterations": {
            "rate": 20.134536682375753,
            "count": 615
        },
        "http_req_failed": {
            "passes": 0,
            "fails": 1230,
            "thresholds": {
                "rate<0.1": false
            },
            "value": 0
        },
        "data_sent": {
            "count": 136530,
            "rate": 4469.867143487417
        }
    }
}